"reference.positions","ref_nucleotide","alt_nucleotide","codon","ref_aa","alt_codons","alt_aas","aa_pos","mutation"
241,"C","T","","","","",81,""
913,"C","T","TCC","S","TCT","S",36,"S36S"
3037,"C","T","TTC","F","TTT","F",106,"F106F"
3267,"C","T","ACT","T","ATT","I",183,"T183I"
5388,"C","A","GCT","A","GAT","D",890,"A890D"
5986,"C","T","TTC","F","TTT","F",1089,"F1089F"
6954,"T","C","ATA","I","ACA","T",1412,"I1412T"
14408,"C","T","CCT","P","CTT","L",314,"P314L"
14676,"C","T","CCC","P","CCT","P",403,"P403P"
15279,"C","T","CAC","H","CAT","H",604,"H604H"
16176,"T","C","ACT","T","ACC","T",903,"T903T"
23063,"A","T","AAT","N","TAT","Y",501,"N501Y"
23271,"C","A","GCT","A","GAT","D",570,"A570D"
23403,"A","G","GAT","D","GGT","G",614,"D614G"
23604,"C","A","CCT","P","CAT","H",681,"P681H"
23709,"C","T","ACA","T","ATA","I",716,"T716I"
24506,"T","G","TCA","S","GCA","A",982,"S982A"
24914,"G","C","GAC","D","CAC","H",1118,"D1118H"
27972,"C","T","CAA","Q","TAA","*",27,"Q27*"
28048,"G","T","AGA","R","ATA","I",52,"R52I"
28111,"A","G","TAC","Y","TGC","C",73,"Y73C"
28280,"G","C","GAT","D","CAT","H",3,"D3H"
28281,"A","T","GAT","D","GTT","V",3,"D3V"
28282,"T","A","GAT","D","GAA","E",3,"D3E"
28881,"G","A","AGG","R","AAG","K",203,"R203K"
28882,"G","A","AGG","R","AGA","R",203,"R203R"
28883,"G","C","GGA","G","CGA","R",204,"G204R"
28977,"C","T","TCT","S","TTT","F",235,"S235F"
